x-axis,1
second,Volt
+25.00000E-03,-280.32663E-03
+25.02500E-03,-270.27638E-03
+25.05000E-03,-264.24623E-03
+25.07500E-03,-262.23618E-03
+25.10000E-03,-248.16583E-03
+25.12500E-03,-256.20603E-03
+25.15000E-03,-252.18593E-03
+25.17500E-03,-248.16583E-03
+25.20000E-03,-248.16583E-03
+25.22500E-03,-248.16583E-03
+25.25000E-03,-244.14573E-03
+25.27500E-03,-246.15578E-03
+25.30000E-03,-232.08542E-03
+25.32500E-03,-232.08542E-03
+25.35000E-03,-216.00502E-03
+25.37500E-03,-218.01507E-03
+25.40000E-03,-216.00502E-03
+25.42500E-03,-191.88442E-03
+25.45000E-03,-183.84422E-03
+25.47500E-03,-175.80402E-03
+25.50000E-03,-175.80402E-03
+25.52500E-03,-173.79397E-03
+25.55000E-03,-159.72362E-03
+25.57500E-03,-157.71357E-03
+25.60000E-03,-159.72362E-03
+25.62500E-03,-153.69347E-03
+25.65000E-03,-155.70352E-03
+25.67500E-03,-149.67337E-03
+25.70000E-03,-143.64321E-03
+25.72500E-03,-129.57286E-03
+25.75000E-03,-123.54271E-03
+25.77500E-03,-117.51256E-03
+25.80000E-03,-111.48241E-03
+25.82500E-03,-95.40201E-03
+25.85000E-03,-91.38191E-03
+25.87500E-03,-79.32161E-03
+25.90000E-03,-79.32161E-03
+25.92500E-03,-79.32161E-03
+25.95000E-03,-71.28141E-03
+25.97500E-03,-71.28141E-03
+26.00000E-03,-71.28141E-03
+26.02500E-03,-65.25126E-03
+26.05000E-03,-67.26131E-03
+26.07500E-03,-61.23115E-03
+26.10000E-03,-47.16080E-03
+26.12500E-03,-47.16080E-03
+26.15000E-03,-39.12060E-03
+26.17500E-03,-33.09045E-03
+26.20000E-03,-23.04020E-03
+26.22500E-03,-15.00000E-03
+26.25000E-03,-2.93970E-03
+26.27500E-03,+1.08040E-03
+26.30000E-03,+9.12060E-03
+26.32500E-03,+15.15075E-03
+26.35000E-03,+17.16080E-03
+26.37500E-03,+15.15075E-03
+26.40000E-03,+9.12060E-03
+26.42500E-03,+15.15075E-03
+26.45000E-03,+13.14070E-03
+26.47500E-03,+15.15075E-03
+26.50000E-03,+25.20100E-03
+26.52500E-03,+27.21106E-03
+26.55000E-03,+41.28141E-03
+26.57500E-03,+49.32161E-03
+26.60000E-03,+57.36181E-03
+26.62500E-03,+63.39196E-03
+26.65000E-03,+69.42211E-03
+26.67500E-03,+81.48241E-03
+26.70000E-03,+81.48241E-03
+26.72500E-03,+87.51256E-03
+26.75000E-03,+89.52261E-03
+26.77500E-03,+99.57286E-03
+26.80000E-03,+105.60301E-03
+26.82500E-03,+121.68342E-03
+26.85000E-03,+121.68342E-03
+26.87500E-03,+113.64322E-03
+26.90000E-03,+129.72362E-03
+26.92500E-03,+137.76382E-03
+26.95000E-03,+141.78392E-03
+26.97500E-03,+145.80402E-03
+27.00000E-03,+153.84422E-03
+27.02500E-03,+169.92462E-03
+27.05000E-03,+173.94472E-03
+27.07500E-03,+177.96482E-03
+27.10000E-03,+177.96482E-03
+27.12500E-03,+186.00502E-03
+27.15000E-03,+173.94472E-03
+27.17500E-03,+186.00502E-03
+27.20000E-03,+186.00502E-03
+27.22500E-03,+177.96482E-03
+27.25000E-03,+177.96482E-03
+27.27500E-03,+192.03517E-03
+27.30000E-03,+194.04522E-03
+27.32500E-03,+208.11558E-03
+27.35000E-03,+218.16583E-03
+27.37500E-03,+232.23618E-03
+27.40000E-03,+234.24623E-03
+27.42500E-03,+236.25628E-03
+27.45000E-03,+250.32663E-03
+27.47500E-03,+266.40703E-03
+27.50000E-03,+258.36683E-03
+27.52500E-03,+264.39698E-03
+27.55000E-03,+262.38693E-03
+27.57500E-03,+274.44723E-03
+27.60000E-03,+266.40703E-03
+27.62500E-03,+266.40703E-03
+27.65000E-03,+270.42713E-03
+27.67500E-03,+272.43718E-03
+27.70000E-03,+274.44723E-03
+27.72500E-03,+288.51759E-03
+27.75000E-03,+290.52764E-03
+27.77500E-03,+298.56784E-03
+27.80000E-03,+306.60804E-03
+27.82500E-03,+306.60804E-03
+27.85000E-03,+322.68844E-03
+27.87500E-03,+330.72864E-03
+27.90000E-03,+322.68844E-03
+27.92500E-03,+328.71859E-03
+27.95000E-03,+322.68844E-03
+27.97500E-03,+330.72864E-03
+28.00000E-03,+322.68844E-03
+28.02500E-03,+328.71859E-03
+28.05000E-03,+326.70854E-03
+28.07500E-03,+338.76884E-03
+28.10000E-03,+346.80904E-03
+28.12500E-03,+346.80904E-03
+28.15000E-03,+362.88944E-03
+28.17500E-03,+364.89949E-03
+28.20000E-03,+378.96985E-03
+28.22500E-03,+387.01005E-03
+28.25000E-03,+387.01005E-03
+28.27500E-03,+393.04020E-03
+28.30000E-03,+395.05025E-03
+28.32500E-03,+389.02010E-03
+28.35000E-03,+395.05025E-03
+28.37500E-03,+397.06030E-03
+28.40000E-03,+403.09045E-03
+28.42500E-03,+397.06030E-03
+28.45000E-03,+395.05025E-03
+28.47500E-03,+411.13065E-03
+28.50000E-03,+403.09045E-03
+28.52500E-03,+419.17085E-03
+28.55000E-03,+427.21105E-03
+28.57500E-03,+427.21105E-03
+28.60000E-03,+427.21105E-03
+28.62500E-03,+441.28140E-03
+28.65000E-03,+455.35175E-03
+28.67500E-03,+451.33165E-03
+28.70000E-03,+459.37185E-03
+28.72500E-03,+451.33165E-03
+28.75000E-03,+451.33165E-03
+28.77500E-03,+451.33165E-03
+28.80000E-03,+451.33165E-03
+28.82500E-03,+445.30150E-03
+28.85000E-03,+451.33165E-03
+28.87500E-03,+453.34170E-03
+28.90000E-03,+459.37185E-03
+28.92500E-03,+467.41206E-03
+28.95000E-03,+471.43216E-03
+28.97500E-03,+471.43216E-03
+29.00000E-03,+483.49246E-03
+29.02500E-03,+483.49246E-03
+29.05000E-03,+487.51256E-03
+29.07500E-03,+485.50251E-03
+29.10000E-03,+491.53266E-03
+29.12500E-03,+483.49246E-03
+29.15000E-03,+487.51256E-03
+29.17500E-03,+493.54271E-03
+29.20000E-03,+483.49246E-03
+29.22500E-03,+489.52261E-03
+29.25000E-03,+483.49246E-03
+29.27500E-03,+489.52261E-03
+29.30000E-03,+499.57286E-03
+29.32500E-03,+499.57286E-03
+29.35000E-03,+507.61306E-03
+29.37500E-03,+515.65326E-03
+29.40000E-03,+523.69346E-03
+29.42500E-03,+529.72361E-03
+29.45000E-03,+535.75376E-03
+29.47500E-03,+525.70351E-03
+29.50000E-03,+531.73366E-03
+29.52500E-03,+533.74371E-03
+29.55000E-03,+535.75376E-03
+29.57500E-03,+523.69346E-03
+29.60000E-03,+531.73366E-03
+29.62500E-03,+529.72361E-03
+29.65000E-03,+527.71356E-03
+29.67500E-03,+537.76381E-03
+29.70000E-03,+523.69346E-03
+29.72500E-03,+533.74371E-03
+29.75000E-03,+547.81406E-03
+29.77500E-03,+547.81406E-03
+29.80000E-03,+547.81406E-03
+29.82500E-03,+563.89447E-03
+29.85000E-03,+567.91457E-03
+29.87500E-03,+563.89447E-03
+29.90000E-03,+555.85427E-03
+29.92500E-03,+571.93467E-03
+29.95000E-03,+563.89447E-03
+29.97500E-03,+555.85427E-03
+30.00000E-03,+547.81406E-03
+30.02500E-03,+543.79396E-03
+30.05000E-03,+547.81406E-03
+30.07500E-03,+555.85427E-03
+30.10000E-03,+555.85427E-03
+30.12500E-03,+563.89447E-03
+30.15000E-03,+571.93467E-03
+30.17500E-03,+571.93467E-03
+30.20000E-03,+579.97487E-03
+30.22500E-03,+583.99497E-03
+30.25000E-03,+588.01507E-03
+30.27500E-03,+577.96482E-03
+30.30000E-03,+588.01507E-03
+30.32500E-03,+571.93467E-03
+30.35000E-03,+575.95477E-03
+30.37500E-03,+573.94472E-03
+30.40000E-03,+563.89447E-03
+30.42500E-03,+563.89447E-03
+30.45000E-03,+559.87437E-03
+30.47500E-03,+563.89447E-03
+30.50000E-03,+555.85427E-03
+30.52500E-03,+579.97487E-03
+30.55000E-03,+579.97487E-03
+30.57500E-03,+586.00502E-03
+30.60000E-03,+588.01507E-03
+30.62500E-03,+596.05527E-03
+30.65000E-03,+596.05527E-03
+30.67500E-03,+594.04522E-03
+30.70000E-03,+588.01507E-03
+30.72500E-03,+581.98492E-03
+30.75000E-03,+583.99497E-03
+30.77500E-03,+581.98492E-03
+30.80000E-03,+571.93467E-03
+30.82500E-03,+571.93467E-03
+30.85000E-03,+571.93467E-03
+30.87500E-03,+586.00502E-03
+30.90000E-03,+579.97487E-03
+30.92500E-03,+583.99497E-03
+30.95000E-03,+588.01507E-03
+30.97500E-03,+590.02512E-03
+31.00000E-03,+596.05527E-03
+31.02500E-03,+598.06532E-03
+31.05000E-03,+600.07537E-03
+31.07500E-03,+604.09547E-03
+31.10000E-03,+604.09547E-03
+31.12500E-03,+596.05527E-03
+31.15000E-03,+596.05527E-03
+31.17500E-03,+588.01507E-03
+31.20000E-03,+588.01507E-03
+31.22500E-03,+579.97487E-03
+31.25000E-03,+575.95477E-03
+31.27500E-03,+581.98492E-03
+31.30000E-03,+579.97487E-03
+31.32500E-03,+588.01507E-03
+31.35000E-03,+592.03517E-03
+31.37500E-03,+594.04522E-03
+31.40000E-03,+596.05527E-03
+31.42500E-03,+598.06532E-03
+31.45000E-03,+600.07537E-03
+31.47500E-03,+596.05527E-03
+31.50000E-03,+604.09547E-03
+31.52500E-03,+588.01507E-03
+31.55000E-03,+583.99497E-03
+31.57500E-03,+581.98492E-03
+31.60000E-03,+579.97487E-03
+31.62500E-03,+573.94472E-03
+31.65000E-03,+571.93467E-03
+31.67500E-03,+579.97487E-03
+31.70000E-03,+579.97487E-03
+31.72500E-03,+579.97487E-03
+31.75000E-03,+583.99497E-03
+31.77500E-03,+594.04522E-03
+31.80000E-03,+596.05527E-03
+31.82500E-03,+596.05527E-03
+31.85000E-03,+600.07537E-03
+31.87500E-03,+590.02512E-03
+31.90000E-03,+596.05527E-03
+31.92500E-03,+581.98492E-03
+31.95000E-03,+579.97487E-03
+31.97500E-03,+573.94472E-03
+32.00000E-03,+579.97487E-03
+32.02500E-03,+569.92462E-03
+32.05000E-03,+571.93467E-03
+32.07500E-03,+571.93467E-03
+32.10000E-03,+571.93467E-03
+32.12500E-03,+577.96482E-03
+32.15000E-03,+579.97487E-03
+32.17500E-03,+581.98492E-03
+32.20000E-03,+579.97487E-03
+32.22500E-03,+590.02512E-03
+32.25000E-03,+592.03517E-03
+32.27500E-03,+588.01507E-03
+32.30000E-03,+579.97487E-03
+32.32500E-03,+577.96482E-03
+32.35000E-03,+571.93467E-03
+32.37500E-03,+563.89447E-03
+32.40000E-03,+555.85427E-03
+32.42500E-03,+563.89447E-03
+32.45000E-03,+559.87437E-03
+32.47500E-03,+565.90452E-03
+32.50000E-03,+563.89447E-03
+32.52500E-03,+569.92462E-03
+32.55000E-03,+571.93467E-03
+32.57500E-03,+571.93467E-03
+32.60000E-03,+579.97487E-03
+32.62500E-03,+579.97487E-03
+32.65000E-03,+575.95477E-03
+32.67500E-03,+579.97487E-03
+32.70000E-03,+571.93467E-03
+32.72500E-03,+563.89447E-03
+32.75000E-03,+563.89447E-03
+32.77500E-03,+561.88442E-03
+32.80000E-03,+555.85427E-03
+32.82500E-03,+553.84422E-03
+32.85000E-03,+543.79396E-03
+32.87500E-03,+547.81406E-03
+32.90000E-03,+547.81406E-03
+32.92500E-03,+561.88442E-03
+32.95000E-03,+555.85427E-03
+32.97500E-03,+563.89447E-03
+33.00000E-03,+571.93467E-03
+33.02500E-03,+569.92462E-03
+33.05000E-03,+563.89447E-03
+33.07500E-03,+565.90452E-03
+33.10000E-03,+563.89447E-03
+33.12500E-03,+555.85427E-03
+33.15000E-03,+555.85427E-03
+33.17500E-03,+547.81406E-03
+33.20000E-03,+531.73366E-03
+33.22500E-03,+539.77386E-03
+33.25000E-03,+539.77386E-03
+33.27500E-03,+547.81406E-03
+33.30000E-03,+539.77386E-03
+33.32500E-03,+553.84422E-03
+33.35000E-03,+547.81406E-03
+33.37500E-03,+555.85427E-03
+33.40000E-03,+555.85427E-03
+33.42500E-03,+555.85427E-03
+33.45000E-03,+559.87437E-03
+33.47500E-03,+555.85427E-03
+33.50000E-03,+531.73366E-03
+33.52500E-03,+539.77386E-03
+33.55000E-03,+535.75376E-03
+33.57500E-03,+531.73366E-03
+33.60000E-03,+523.69346E-03
+33.62500E-03,+523.69346E-03
+33.65000E-03,+519.67336E-03
+33.67500E-03,+515.65326E-03
+33.70000E-03,+523.69346E-03
+33.72500E-03,+525.70351E-03
+33.75000E-03,+519.67336E-03
+33.77500E-03,+523.69346E-03
+33.80000E-03,+531.73366E-03
+33.82500E-03,+531.73366E-03
+33.85000E-03,+523.69346E-03
+33.87500E-03,+521.68341E-03
+33.90000E-03,+515.65326E-03
+33.92500E-03,+513.64321E-03
+33.95000E-03,+507.61306E-03
+33.97500E-03,+501.58291E-03
+34.00000E-03,+491.53266E-03
+34.02500E-03,+483.49246E-03
+34.05000E-03,+487.51256E-03
+34.07500E-03,+491.53266E-03
+34.10000E-03,+499.57286E-03
+34.12500E-03,+493.54271E-03
+34.15000E-03,+491.53266E-03
+34.17500E-03,+493.54271E-03
+34.20000E-03,+499.57286E-03
+34.22500E-03,+503.59296E-03
+34.25000E-03,+503.59296E-03
+34.27500E-03,+491.53266E-03
+34.30000E-03,+483.49246E-03
+34.32500E-03,+477.46231E-03
+34.35000E-03,+479.47236E-03
+34.37500E-03,+481.48241E-03
+34.40000E-03,+467.41206E-03
+34.42500E-03,+461.38190E-03
+34.45000E-03,+463.39196E-03
+34.47500E-03,+465.40201E-03
+34.50000E-03,+467.41206E-03
+34.52500E-03,+467.41206E-03
+34.55000E-03,+467.41206E-03
+34.57500E-03,+475.45226E-03
+34.60000E-03,+467.41206E-03
+34.62500E-03,+481.48241E-03
+34.65000E-03,+475.45226E-03
+34.67500E-03,+469.42211E-03
+34.70000E-03,+459.37185E-03
+34.72500E-03,+459.37185E-03
+34.75000E-03,+463.39196E-03
+34.77500E-03,+445.30150E-03
+34.80000E-03,+435.25125E-03
+34.82500E-03,+435.25125E-03
+34.85000E-03,+439.27135E-03
+34.87500E-03,+441.28140E-03
+34.90000E-03,+443.29145E-03
+34.92500E-03,+445.30150E-03
+34.95000E-03,+451.33165E-03
+34.97500E-03,+445.30150E-03
+35.00000E-03,+443.29145E-03
+35.02500E-03,+449.32160E-03
+35.05000E-03,+455.35175E-03
+35.07500E-03,+445.30150E-03
+35.10000E-03,+435.25125E-03
+35.12500E-03,+437.26130E-03
+35.15000E-03,+427.21105E-03
+35.17500E-03,+421.18090E-03
+35.20000E-03,+411.13065E-03
+35.22500E-03,+411.13065E-03
+35.25000E-03,+415.15075E-03
+35.27500E-03,+417.16080E-03
+35.30000E-03,+411.13065E-03
+35.32500E-03,+425.20100E-03
+35.35000E-03,+419.17085E-03
+35.37500E-03,+421.18090E-03
+35.40000E-03,+419.17085E-03
+35.42500E-03,+421.18090E-03
+35.45000E-03,+419.17085E-03
+35.47500E-03,+423.19095E-03
+35.50000E-03,+403.09045E-03
+35.52500E-03,+403.09045E-03
+35.55000E-03,+395.05025E-03
+35.57500E-03,+393.04020E-03
+35.60000E-03,+387.01005E-03
+35.62500E-03,+385.00000E-03
+35.65000E-03,+382.98995E-03
+35.67500E-03,+380.97990E-03
+35.70000E-03,+387.01005E-03
+35.72500E-03,+391.03015E-03
+35.75000E-03,+391.03015E-03
+35.77500E-03,+389.02010E-03
+35.80000E-03,+403.09045E-03
+35.82500E-03,+401.08040E-03
+35.85000E-03,+399.07035E-03
+35.87500E-03,+380.97990E-03
+35.90000E-03,+378.96985E-03
+35.92500E-03,+370.92964E-03
+35.95000E-03,+362.88944E-03
+35.97500E-03,+362.88944E-03
+36.00000E-03,+346.80904E-03
+36.02500E-03,+340.77889E-03
+36.05000E-03,+346.80904E-03
+36.07500E-03,+348.81909E-03
+36.10000E-03,+346.80904E-03
+36.12500E-03,+354.84924E-03
+36.15000E-03,+362.88944E-03
+36.17500E-03,+354.84924E-03
+36.20000E-03,+362.88944E-03
+36.22500E-03,+362.88944E-03
+36.25000E-03,+358.86934E-03
+36.27500E-03,+346.80904E-03
+36.30000E-03,+338.76884E-03
+36.32500E-03,+338.76884E-03
+36.35000E-03,+326.70854E-03
+36.37500E-03,+322.68844E-03
+36.40000E-03,+314.64824E-03
+36.42500E-03,+306.60804E-03
+36.45000E-03,+318.66834E-03
+36.47500E-03,+320.67839E-03
+36.50000E-03,+314.64824E-03
+36.52500E-03,+314.64824E-03
+36.55000E-03,+322.68844E-03
+36.57500E-03,+316.65829E-03
+36.60000E-03,+314.64824E-03
+36.62500E-03,+322.68844E-03
+36.65000E-03,+318.66834E-03
+36.67500E-03,+314.64824E-03
+36.70000E-03,+298.56784E-03
+36.72500E-03,+298.56784E-03
+36.75000E-03,+290.52764E-03
+36.77500E-03,+282.48743E-03
+36.80000E-03,+282.48743E-03
+36.82500E-03,+278.46733E-03
+36.85000E-03,+274.44723E-03
+36.87500E-03,+276.45728E-03
+36.90000E-03,+282.48743E-03
+36.92500E-03,+278.46733E-03
+36.95000E-03,+282.48743E-03
+36.97500E-03,+280.47738E-03
+37.00000E-03,+290.52764E-03
+37.02500E-03,+290.52764E-03
+37.05000E-03,+282.48743E-03
+37.07500E-03,+274.44723E-03
+37.10000E-03,+258.36683E-03
+37.12500E-03,+260.37688E-03
+37.15000E-03,+254.34673E-03
+37.17500E-03,+250.32663E-03
+37.20000E-03,+242.28643E-03
+37.22500E-03,+240.27638E-03
+37.25000E-03,+238.26633E-03
+37.27500E-03,+234.24623E-03
+37.30000E-03,+242.28643E-03
+37.32500E-03,+244.29648E-03
+37.35000E-03,+246.30653E-03
+37.37500E-03,+236.25628E-03
+37.40000E-03,+234.24623E-03
+37.42500E-03,+242.28643E-03
+37.45000E-03,+234.24623E-03
+37.47500E-03,+228.21608E-03
+37.50000E-03,+218.16583E-03
+37.52500E-03,+226.20603E-03
+37.55000E-03,+210.12563E-03
+37.57500E-03,+196.05527E-03
+37.60000E-03,+202.08543E-03
+37.62500E-03,+192.03517E-03
+37.65000E-03,+190.02512E-03
+37.67500E-03,+196.05527E-03
+37.70000E-03,+194.04522E-03
+37.72500E-03,+196.05527E-03
+37.75000E-03,+194.04522E-03
+37.77500E-03,+196.05527E-03
+37.80000E-03,+202.08543E-03
+37.82500E-03,+194.04522E-03
+37.85000E-03,+186.00502E-03
+37.87500E-03,+186.00502E-03
+37.90000E-03,+177.96482E-03
+37.92500E-03,+161.88442E-03
+37.95000E-03,+153.84422E-03
+37.97500E-03,+147.81407E-03
+38.00000E-03,+145.80402E-03
+38.02500E-03,+135.75377E-03
+38.05000E-03,+137.76382E-03
+38.07500E-03,+137.76382E-03
+38.10000E-03,+145.80402E-03
+38.12500E-03,+137.76382E-03
+38.15000E-03,+137.76382E-03
+38.17500E-03,+143.79397E-03
+38.20000E-03,+137.76382E-03
+38.22500E-03,+145.80402E-03
+38.25000E-03,+133.74372E-03
+38.27500E-03,+123.69347E-03
+38.30000E-03,+113.64322E-03
+38.32500E-03,+107.61306E-03
+38.35000E-03,+101.58291E-03
+38.37500E-03,+95.55276E-03
+38.40000E-03,+81.48241E-03
+38.42500E-03,+87.51256E-03
+38.45000E-03,+85.50251E-03
+38.47500E-03,+93.54271E-03
+38.50000E-03,+89.52261E-03
+38.52500E-03,+89.52261E-03
+38.55000E-03,+85.50251E-03
+38.57500E-03,+85.50251E-03
+38.60000E-03,+89.52261E-03
+38.62500E-03,+81.48241E-03
+38.65000E-03,+81.48241E-03
+38.67500E-03,+73.44221E-03
+38.70000E-03,+57.36181E-03
+38.72500E-03,+51.33166E-03
+38.75000E-03,+45.30151E-03
+38.77500E-03,+39.27136E-03
+38.80000E-03,+33.24121E-03
+38.82500E-03,+31.23116E-03
+38.85000E-03,+29.22111E-03
+38.87500E-03,+25.20100E-03
+38.90000E-03,+33.24121E-03
+38.92500E-03,+31.23116E-03
+38.95000E-03,+29.22111E-03
+38.97500E-03,+27.21106E-03
+39.00000E-03,+25.20100E-03
+39.02500E-03,+23.19095E-03
+39.05000E-03,+21.18090E-03
+39.07500E-03,+11.13065E-03
+39.10000E-03,+9.12060E-03
+39.12500E-03,-6.95980E-03
+39.15000E-03,-15.00000E-03
+39.17500E-03,-23.04020E-03
+39.20000E-03,-31.08040E-03
+39.22500E-03,-39.12060E-03
+39.25000E-03,-35.10050E-03
+39.27500E-03,-37.11055E-03
+39.30000E-03,-39.12060E-03
+39.32500E-03,-45.15075E-03
+39.35000E-03,-39.12060E-03
+39.37500E-03,-39.12060E-03
+39.40000E-03,-39.12060E-03
+39.42500E-03,-45.15075E-03
+39.45000E-03,-47.16080E-03
+39.47500E-03,-63.24121E-03
+39.50000E-03,-63.24121E-03
+39.52500E-03,-81.33166E-03
+39.55000E-03,-87.36181E-03
+39.57500E-03,-93.39196E-03
+39.60000E-03,-103.44221E-03
+39.62500E-03,-103.44221E-03
+39.65000E-03,-107.46231E-03
+39.67500E-03,-97.41206E-03
+39.70000E-03,-95.40201E-03
+39.72500E-03,-97.41206E-03
+39.75000E-03,-107.46231E-03
+39.77500E-03,-103.44221E-03
+39.80000E-03,-119.52261E-03
+39.82500E-03,-111.48241E-03
+39.85000E-03,-115.50251E-03
+39.87500E-03,-121.53266E-03
+39.90000E-03,-135.60301E-03
+39.92500E-03,-143.64321E-03
+39.95000E-03,-147.66331E-03
+39.97500E-03,-151.68342E-03
+40.00000E-03,-159.72362E-03
+40.02500E-03,-167.76382E-03
+40.05000E-03,-163.74372E-03
+40.07500E-03,-165.75377E-03
+40.10000E-03,-167.76382E-03
+40.12500E-03,-159.72362E-03
+40.15000E-03,-159.72362E-03
+40.17500E-03,-159.72362E-03
+40.20000E-03,-175.80402E-03
+40.22500E-03,-183.84422E-03
+40.25000E-03,-183.84422E-03
+40.27500E-03,-199.92462E-03
+40.30000E-03,-199.92462E-03
+40.32500E-03,-222.03517E-03
+40.35000E-03,-232.08542E-03
+40.37500E-03,-238.11558E-03
+40.40000E-03,-240.12563E-03
+40.42500E-03,-240.12563E-03
+40.45000E-03,-240.12563E-03
+40.47500E-03,-240.12563E-03
+40.50000E-03,-248.16583E-03
+40.52500E-03,-240.12563E-03
+40.55000E-03,-240.12563E-03
+40.57500E-03,-240.12563E-03
+40.60000E-03,-240.12563E-03
+40.62500E-03,-240.12563E-03
+40.65000E-03,-252.18593E-03
+40.67500E-03,-258.21608E-03
+40.70000E-03,-264.24623E-03
+40.72500E-03,-272.28643E-03
+40.75000E-03,-280.32663E-03
+40.77500E-03,-294.39698E-03
+40.80000E-03,-304.44723E-03
+40.82500E-03,-310.47738E-03
+40.85000E-03,-316.50753E-03
+40.87500E-03,-326.55779E-03
+40.90000E-03,-328.56784E-03
+40.92500E-03,-322.53768E-03
+40.95000E-03,-332.58794E-03
+40.97500E-03,-322.53768E-03
+41.00000E-03,-336.60804E-03
+41.02500E-03,-330.57789E-03
+41.05000E-03,-336.60804E-03
+41.07500E-03,-338.61809E-03
+41.10000E-03,-360.72864E-03
+41.12500E-03,-368.76884E-03
+41.15000E-03,-368.76884E-03
+41.17500E-03,-376.80904E-03
+41.20000E-03,-376.80904E-03
+41.22500E-03,-378.81909E-03
+41.25000E-03,-388.86934E-03
+41.27500E-03,-384.84924E-03
+41.30000E-03,-384.84924E-03
+41.32500E-03,-384.84924E-03
+41.35000E-03,-388.86934E-03
+41.37500E-03,-384.84924E-03
+41.40000E-03,-392.88944E-03
+41.42500E-03,-400.92964E-03
+41.45000E-03,-400.92964E-03
+41.47500E-03,-408.96984E-03
+41.50000E-03,-417.01005E-03
+41.52500E-03,-431.08040E-03
+41.55000E-03,-425.05025E-03
+41.57500E-03,-441.13065E-03
+41.60000E-03,-449.17085E-03
+41.62500E-03,-447.16080E-03
+41.65000E-03,-445.15075E-03
+41.67500E-03,-455.20100E-03
+41.70000E-03,-449.17085E-03
+41.72500E-03,-441.13065E-03
+41.75000E-03,-445.15075E-03
+41.77500E-03,-449.17085E-03
+41.80000E-03,-457.21105E-03
+41.82500E-03,-457.21105E-03
+41.85000E-03,-461.23115E-03
+41.87500E-03,-473.29145E-03
+41.90000E-03,-489.37185E-03
+41.92500E-03,-495.40200E-03
+41.95000E-03,-501.43216E-03
+41.97500E-03,-511.48241E-03
+42.00000E-03,-505.45226E-03
+42.02500E-03,-511.48241E-03
+42.05000E-03,-521.53266E-03
+42.07500E-03,-513.49246E-03
+42.10000E-03,-505.45226E-03
+42.12500E-03,-519.52261E-03
+42.15000E-03,-517.51256E-03
+42.17500E-03,-519.52261E-03
+42.20000E-03,-521.53266E-03
+42.22500E-03,-529.57286E-03
+42.25000E-03,-537.61306E-03
+42.27500E-03,-545.65326E-03
+42.30000E-03,-553.69346E-03
+42.32500E-03,-561.73366E-03
+42.35000E-03,-569.77386E-03
+42.37500E-03,-583.84421E-03
+42.40000E-03,-585.85426E-03
+42.42500E-03,-573.79396E-03
+42.45000E-03,-573.79396E-03
+42.47500E-03,-577.81406E-03
+42.50000E-03,-577.81406E-03
+42.52500E-03,-575.80401E-03
+42.55000E-03,-573.79396E-03
+42.57500E-03,-575.80401E-03
+42.60000E-03,-577.81406E-03
+42.62500E-03,-585.85426E-03
+42.65000E-03,-581.83416E-03
+42.67500E-03,-587.86432E-03
+42.70000E-03,-601.93467E-03
+42.72500E-03,-599.92462E-03
+42.75000E-03,-609.97487E-03
+42.77500E-03,-624.04522E-03
+42.80000E-03,-618.01507E-03
+42.82500E-03,-618.01507E-03
+42.85000E-03,-613.99497E-03
+42.87500E-03,-611.98492E-03
+42.90000E-03,-609.97487E-03
+42.92500E-03,-609.97487E-03
+42.95000E-03,-613.99497E-03
+42.97500E-03,-616.00502E-03
+43.00000E-03,-618.01507E-03
+43.02500E-03,-611.98492E-03
+43.05000E-03,-618.01507E-03
+43.07500E-03,-624.04522E-03
+43.10000E-03,-626.05527E-03
+43.12500E-03,-640.12562E-03
+43.15000E-03,-646.15577E-03
+43.17500E-03,-644.14572E-03
+43.20000E-03,-658.21607E-03
+43.22500E-03,-652.18592E-03
+43.25000E-03,-650.17587E-03
+43.27500E-03,-648.16582E-03
+43.30000E-03,-642.13567E-03
+43.32500E-03,-640.12562E-03
+43.35000E-03,-642.13567E-03
+43.37500E-03,-642.13567E-03
+43.40000E-03,-650.17587E-03
+43.42500E-03,-642.13567E-03
+43.45000E-03,-654.19597E-03
+43.47500E-03,-650.17587E-03
+43.50000E-03,-658.21607E-03
+43.52500E-03,-660.22612E-03
+43.55000E-03,-674.29648E-03
+43.57500E-03,-686.35678E-03
+43.60000E-03,-674.29648E-03
+43.62500E-03,-682.33668E-03
+43.65000E-03,-674.29648E-03
+43.67500E-03,-668.26632E-03
+43.70000E-03,-658.21607E-03
+43.72500E-03,-666.25627E-03
+43.75000E-03,-662.23617E-03
+43.77500E-03,-650.17587E-03
+43.80000E-03,-658.21607E-03
+43.82500E-03,-660.22612E-03
+43.85000E-03,-666.25627E-03
+43.87500E-03,-666.25627E-03
+43.90000E-03,-658.21607E-03
+43.92500E-03,-680.32663E-03
+43.95000E-03,-682.33668E-03
+43.97500E-03,-682.33668E-03
+44.00000E-03,-674.29648E-03
+44.02500E-03,-688.36683E-03
+44.05000E-03,-678.31658E-03
+44.07500E-03,-666.25627E-03
+44.10000E-03,-666.25627E-03
+44.12500E-03,-666.25627E-03
+44.15000E-03,-658.21607E-03
+44.17500E-03,-650.17587E-03
+44.20000E-03,-658.21607E-03
+44.22500E-03,-658.21607E-03
+44.25000E-03,-658.21607E-03
+44.27500E-03,-658.21607E-03
+44.30000E-03,-666.25627E-03
+44.32500E-03,-660.22612E-03
+44.35000E-03,-674.29648E-03
+44.37500E-03,-674.29648E-03
+44.40000E-03,-666.25627E-03
+44.42500E-03,-662.23617E-03
+44.45000E-03,-666.25627E-03
+44.47500E-03,-652.18592E-03
+44.50000E-03,-650.17587E-03
+44.52500E-03,-642.13567E-03
+44.55000E-03,-638.11557E-03
+44.57500E-03,-634.09547E-03
+44.60000E-03,-634.09547E-03
+44.62500E-03,-628.06532E-03
+44.65000E-03,-634.09547E-03
+44.67500E-03,-640.12562E-03
+44.70000E-03,-642.13567E-03
+44.72500E-03,-636.10552E-03
+44.75000E-03,-646.15577E-03
+44.77500E-03,-654.19597E-03
+44.80000E-03,-634.09547E-03
+44.82500E-03,-640.12562E-03
+44.85000E-03,-626.05527E-03
+44.87500E-03,-626.05527E-03
+44.90000E-03,-609.97487E-03
+44.92500E-03,-601.93467E-03
+44.95000E-03,-589.87437E-03
+44.97500E-03,-593.89447E-03
+45.00000E-03,-593.89447E-03
+45.02500E-03,-589.87437E-03
+45.05000E-03,-589.87437E-03
+45.07500E-03,-593.89447E-03
+45.10000E-03,-593.89447E-03
+45.12500E-03,-593.89447E-03
+45.15000E-03,-593.89447E-03
+45.17500E-03,-591.88442E-03
+45.20000E-03,-585.85426E-03
+45.22500E-03,-585.85426E-03
+45.25000E-03,-577.81406E-03
+45.27500E-03,-561.73366E-03
+45.30000E-03,-553.69346E-03
+45.32500E-03,-557.71356E-03
+45.35000E-03,-537.61306E-03
+45.37500E-03,-535.60301E-03
+45.40000E-03,-537.61306E-03
+45.42500E-03,-529.57286E-03
+45.45000E-03,-533.59296E-03
+45.47500E-03,-535.60301E-03
+45.50000E-03,-537.61306E-03
+45.52500E-03,-529.57286E-03
+45.55000E-03,-537.61306E-03
+45.57500E-03,-531.58291E-03
+45.60000E-03,-529.57286E-03
+45.62500E-03,-521.53266E-03
+45.65000E-03,-513.49246E-03
+45.67500E-03,-505.45226E-03
+45.70000E-03,-497.41205E-03
+45.72500E-03,-483.34170E-03
+45.75000E-03,-473.29145E-03
+45.77500E-03,-465.25125E-03
+45.80000E-03,-465.25125E-03
+45.82500E-03,-471.28140E-03
+45.85000E-03,-461.23115E-03
+45.87500E-03,-463.24120E-03
+45.90000E-03,-465.25125E-03
+45.92500E-03,-463.24120E-03
+45.95000E-03,-461.23115E-03
+45.97500E-03,-451.18090E-03
+46.00000E-03,-457.21105E-03
+46.02500E-03,-449.17085E-03
+46.05000E-03,-437.11055E-03
+46.07500E-03,-431.08040E-03
+46.10000E-03,-417.01005E-03
+46.12500E-03,-400.92964E-03
+46.15000E-03,-396.90954E-03
+46.17500E-03,-390.87939E-03
+46.20000E-03,-384.84924E-03
+46.22500E-03,-376.80904E-03
+46.25000E-03,-368.76884E-03
+46.27500E-03,-370.77889E-03
+46.30000E-03,-360.72864E-03
+46.32500E-03,-368.76884E-03
+46.35000E-03,-372.78894E-03
+46.37500E-03,-358.71859E-03
+46.40000E-03,-352.68844E-03
+46.42500E-03,-342.63819E-03
+46.45000E-03,-332.58794E-03
+46.47500E-03,-316.50753E-03
+46.50000E-03,-312.48743E-03
+46.52500E-03,-304.44723E-03
+46.55000E-03,-288.36683E-03
+46.57500E-03,-288.36683E-03
+46.60000E-03,-280.32663E-03
+46.62500E-03,-280.32663E-03
+46.65000E-03,-280.32663E-03
+46.67500E-03,-274.29648E-03
+46.70000E-03,-280.32663E-03
+46.72500E-03,-280.32663E-03
+46.75000E-03,-272.28643E-03
+46.77500E-03,-262.23618E-03
+46.80000E-03,-248.16583E-03
+46.82500E-03,-248.16583E-03
+46.85000E-03,-244.14573E-03
+46.87500E-03,-230.07537E-03
+46.90000E-03,-216.00502E-03
+46.92500E-03,-203.94472E-03
+46.95000E-03,-195.90452E-03
+46.97500E-03,-197.91457E-03
+47.00000E-03,-183.84422E-03
+47.02500E-03,-183.84422E-03
+47.05000E-03,-179.82412E-03
+47.07500E-03,-175.80402E-03
+47.10000E-03,-175.80402E-03
+47.12500E-03,-175.80402E-03
+47.15000E-03,-175.80402E-03
+47.17500E-03,-167.76382E-03
+47.20000E-03,-175.80402E-03
+47.22500E-03,-157.71357E-03
+47.25000E-03,-147.66331E-03
+47.27500E-03,-129.57286E-03
+47.30000E-03,-119.52261E-03
+47.32500E-03,-111.48241E-03
+47.35000E-03,-103.44221E-03
+47.37500E-03,-101.43216E-03
+47.40000E-03,-87.36181E-03
+47.42500E-03,-87.36181E-03
+47.45000E-03,-79.32161E-03
+47.47500E-03,-75.30151E-03
+47.50000E-03,-71.28141E-03
+47.52500E-03,-79.32161E-03
+47.55000E-03,-71.28141E-03
+47.57500E-03,-63.24121E-03
+47.60000E-03,-47.16080E-03
+47.62500E-03,-45.15075E-03
+47.65000E-03,-31.08040E-03
+47.67500E-03,-29.07035E-03
+47.70000E-03,-23.04020E-03
+47.72500E-03,-929.65E-06
+47.75000E-03,+5.10050E-03
+47.77500E-03,+9.12060E-03
+47.80000E-03,+9.12060E-03
+47.82500E-03,+15.15075E-03
+47.85000E-03,+21.18090E-03
+47.87500E-03,+19.17085E-03
+47.90000E-03,+17.16080E-03
+47.92500E-03,+19.17085E-03
+47.95000E-03,+21.18090E-03
+47.97500E-03,+33.24121E-03
+48.00000E-03,+41.28141E-03
+48.02500E-03,+55.35176E-03
+48.05000E-03,+57.36181E-03
+48.07500E-03,+65.40201E-03
+48.10000E-03,+73.44221E-03
+48.12500E-03,+89.52261E-03
+48.15000E-03,+93.54271E-03
+48.17500E-03,+95.55276E-03
+48.20000E-03,+97.56281E-03
+48.22500E-03,+97.56281E-03
+48.25000E-03,+101.58291E-03
+48.27500E-03,+97.56281E-03
+48.30000E-03,+97.56281E-03
+48.32500E-03,+97.56281E-03
+48.35000E-03,+101.58291E-03
+48.37500E-03,+99.57286E-03
+48.40000E-03,+105.60301E-03
+48.42500E-03,+113.64322E-03
+48.45000E-03,+121.68342E-03
+48.47500E-03,+137.76382E-03
+48.50000E-03,+145.80402E-03
+48.52500E-03,+159.87437E-03
+48.55000E-03,+165.90452E-03
+48.57500E-03,+161.88442E-03
+48.60000E-03,+169.92462E-03
+48.62500E-03,+163.89447E-03
+48.65000E-03,+169.92462E-03
+48.67500E-03,+169.92462E-03
+48.70000E-03,+169.92462E-03
+48.72500E-03,+163.89447E-03
+48.75000E-03,+169.92462E-03
+48.77500E-03,+171.93467E-03
+48.80000E-03,+177.96482E-03
+48.82500E-03,+186.00502E-03
+48.85000E-03,+194.04522E-03
+48.87500E-03,+204.09548E-03
+48.90000E-03,+210.12563E-03
+48.92500E-03,+218.16583E-03
+48.95000E-03,+230.22613E-03
+48.97500E-03,+230.22613E-03
+49.00000E-03,+234.24623E-03
+49.02500E-03,+240.27638E-03
+49.05000E-03,+234.24623E-03
+49.07500E-03,+234.24623E-03
+49.10000E-03,+234.24623E-03
+49.12500E-03,+234.24623E-03
+49.15000E-03,+234.24623E-03
+49.17500E-03,+240.27638E-03
+49.20000E-03,+242.28643E-03
+49.22500E-03,+244.29648E-03
+49.25000E-03,+254.34673E-03
+49.27500E-03,+260.37688E-03
+49.30000E-03,+266.40703E-03
+49.32500E-03,+276.45728E-03
+49.35000E-03,+282.48743E-03
+49.37500E-03,+284.49748E-03
+49.40000E-03,+274.44723E-03
+49.42500E-03,+282.48743E-03
+49.45000E-03,+278.46733E-03
+49.47500E-03,+280.47738E-03
+49.50000E-03,+282.48743E-03
+49.52500E-03,+268.41708E-03
+49.55000E-03,+270.42713E-03
+49.57500E-03,+272.43718E-03
+49.60000E-03,+274.44723E-03
+49.62500E-03,+282.48743E-03
+49.65000E-03,+290.52764E-03
+49.67500E-03,+290.52764E-03
+49.70000E-03,+298.56784E-03
+49.72500E-03,+306.60804E-03
+49.75000E-03,+314.64824E-03
+49.77500E-03,+306.60804E-03
+49.80000E-03,+306.60804E-03
+49.82500E-03,+298.56784E-03
+49.85000E-03,+302.58794E-03
+49.87500E-03,+304.59799E-03
+49.90000E-03,+290.52764E-03
+49.92500E-03,+284.49748E-03
+49.95000E-03,+290.52764E-03
+49.97500E-03,+290.52764E-03
+50.00000E-03,+282.48743E-03
+50.02500E-03,+306.60804E-03
+50.05000E-03,+302.58794E-03
+50.07500E-03,+308.61809E-03
+50.10000E-03,+314.64824E-03
+50.12500E-03,+328.71859E-03
+50.15000E-03,+322.68844E-03
+50.17500E-03,+316.65829E-03
+50.20000E-03,+314.64824E-03
+50.22500E-03,+316.65829E-03
+50.25000E-03,+314.64824E-03
+50.27500E-03,+314.64824E-03
+50.30000E-03,+306.60804E-03
+50.32500E-03,+298.56784E-03
+50.35000E-03,+298.56784E-03
+50.37500E-03,+294.54774E-03
+50.40000E-03,+298.56784E-03
+50.42500E-03,+306.60804E-03
+50.45000E-03,+306.60804E-03
+50.47500E-03,+314.64824E-03
+50.50000E-03,+314.64824E-03
+50.52500E-03,+320.67839E-03
+50.55000E-03,+318.66834E-03
+50.57500E-03,+314.64824E-03
+50.60000E-03,+306.60804E-03
+50.62500E-03,+320.67839E-03
+50.65000E-03,+310.62814E-03
+50.67500E-03,+306.60804E-03
+50.70000E-03,+298.56784E-03
+50.72500E-03,+290.52764E-03
+50.75000E-03,+286.50753E-03
+50.77500E-03,+290.52764E-03
+50.80000E-03,+290.52764E-03
+50.82500E-03,+298.56784E-03
+50.85000E-03,+290.52764E-03
+50.87500E-03,+296.55779E-03
+50.90000E-03,+306.60804E-03
+50.92500E-03,+306.60804E-03
+50.95000E-03,+302.58794E-03
+50.97500E-03,+304.59799E-03
+51.00000E-03,+298.56784E-03
+51.02500E-03,+292.53769E-03
+51.05000E-03,+290.52764E-03
+51.07500E-03,+284.49748E-03
+51.10000E-03,+274.44723E-03
+51.12500E-03,+266.40703E-03
+51.15000E-03,+270.42713E-03
+51.17500E-03,+266.40703E-03
+51.20000E-03,+258.36683E-03
+51.22500E-03,+266.40703E-03
+51.25000E-03,+266.40703E-03
+51.27500E-03,+274.44723E-03
+51.30000E-03,+274.44723E-03
+51.32500E-03,+274.44723E-03
+51.35000E-03,+270.42713E-03
+51.37500E-03,+268.41708E-03
+51.40000E-03,+258.36683E-03
+51.42500E-03,+256.35678E-03
+51.45000E-03,+250.32663E-03
+51.47500E-03,+244.29648E-03
+51.50000E-03,+226.20603E-03
+51.52500E-03,+226.20603E-03
+51.55000E-03,+226.20603E-03
+51.57500E-03,+220.17588E-03
+51.60000E-03,+226.20603E-03
+51.62500E-03,+226.20603E-03
+51.65000E-03,+226.20603E-03
+51.67500E-03,+234.24623E-03
+51.70000E-03,+226.20603E-03
+51.72500E-03,+232.23618E-03
+51.75000E-03,+226.20603E-03
+51.77500E-03,+220.17588E-03
+51.80000E-03,+218.16583E-03
+51.82500E-03,+210.12563E-03
+51.85000E-03,+206.10553E-03
+51.87500E-03,+196.05527E-03
+51.90000E-03,+186.00502E-03
+51.92500E-03,+183.99497E-03
+51.95000E-03,+177.96482E-03
+51.97500E-03,+167.91457E-03
+52.00000E-03,+169.92462E-03
+52.02500E-03,+161.88442E-03
+52.05000E-03,+161.88442E-03
+52.07500E-03,+161.88442E-03
+52.10000E-03,+161.88442E-03
+52.12500E-03,+161.88442E-03
+52.15000E-03,+157.86432E-03
+52.17500E-03,+153.84422E-03
+52.20000E-03,+145.80402E-03
+52.22500E-03,+143.79397E-03
+52.25000E-03,+137.76382E-03
+52.27500E-03,+129.72362E-03
+52.30000E-03,+121.68342E-03
+52.32500E-03,+119.67337E-03
+52.35000E-03,+113.64322E-03
+52.37500E-03,+107.61306E-03
+52.40000E-03,+105.60301E-03
+52.42500E-03,+99.57286E-03
+52.45000E-03,+101.58291E-03
+52.47500E-03,+105.60301E-03
+52.50000E-03,+113.64322E-03
+52.52500E-03,+105.60301E-03
+52.55000E-03,+97.56281E-03
+52.57500E-03,+103.59296E-03
+52.60000E-03,+81.48241E-03
+52.62500E-03,+81.48241E-03
+52.65000E-03,+65.40201E-03
+52.67500E-03,+57.36181E-03
+52.70000E-03,+41.28141E-03
+52.72500E-03,+41.28141E-03
+52.75000E-03,+33.24121E-03
+52.77500E-03,+33.24121E-03
+52.80000E-03,+41.28141E-03
+52.82500E-03,+25.20100E-03
+52.85000E-03,+25.20100E-03
+52.87500E-03,+25.20100E-03
+52.90000E-03,+17.16080E-03
+52.92500E-03,+17.16080E-03
+52.95000E-03,+5.10050E-03
+52.97500E-03,+1.08040E-03
+53.00000E-03,-6.95980E-03
+53.02500E-03,-2.93970E-03
+53.05000E-03,-27.06030E-03
+53.07500E-03,-37.11055E-03
+53.10000E-03,-47.16080E-03
+53.12500E-03,-49.17085E-03
+53.15000E-03,-51.18090E-03
+53.17500E-03,-55.20100E-03
+53.20000E-03,-63.24121E-03
+53.22500E-03,-63.24121E-03
+53.25000E-03,-63.24121E-03
+53.27500E-03,-71.28141E-03
+53.30000E-03,-79.32161E-03
+53.32500E-03,-71.28141E-03
+53.35000E-03,-79.32161E-03
+53.37500E-03,-87.36181E-03
+53.40000E-03,-87.36181E-03
+53.42500E-03,-105.45226E-03
+53.45000E-03,-111.48241E-03
+53.47500E-03,-131.58291E-03
+53.50000E-03,-143.64321E-03
+53.52500E-03,-143.64321E-03
+53.55000E-03,-151.68342E-03
+53.57500E-03,-151.68342E-03
+53.60000E-03,-151.68342E-03
+53.62500E-03,-159.72362E-03
+53.65000E-03,-159.72362E-03
+53.67500E-03,-159.72362E-03
+53.70000E-03,-159.72362E-03
+53.72500E-03,-171.78392E-03
+53.75000E-03,-171.78392E-03
+53.77500E-03,-183.84422E-03
+53.80000E-03,-183.84422E-03
+53.82500E-03,-185.85427E-03
+53.85000E-03,-203.94472E-03
+53.87500E-03,-222.03517E-03
+53.90000E-03,-232.08542E-03
+53.92500E-03,-240.12563E-03
+53.95000E-03,-240.12563E-03
+53.97500E-03,-248.16583E-03
+54.00000E-03,-248.16583E-03
+54.02500E-03,-254.19598E-03
+54.05000E-03,-252.18593E-03
+54.07500E-03,-256.20603E-03
+54.10000E-03,-256.20603E-03
+54.12500E-03,-270.27638E-03
+54.15000E-03,-268.26633E-03
+54.17500E-03,-286.35678E-03
+54.20000E-03,-288.36683E-03
+54.22500E-03,-298.41708E-03
+54.25000E-03,-312.48743E-03
+54.27500E-03,-328.56784E-03
+54.30000E-03,-328.56784E-03
+54.32500E-03,-344.64824E-03
+54.35000E-03,-344.64824E-03
+54.37500E-03,-352.68844E-03
+54.40000E-03,-352.68844E-03
+54.42500E-03,-360.72864E-03
+54.45000E-03,-360.72864E-03
+54.47500E-03,-364.74874E-03
+54.50000E-03,-368.76884E-03
+54.52500E-03,-368.76884E-03
+54.55000E-03,-384.84924E-03
+54.57500E-03,-384.84924E-03
+54.60000E-03,-400.92964E-03
+54.62500E-03,-402.93969E-03
+54.65000E-03,-408.96984E-03
+54.67500E-03,-419.02010E-03
+54.70000E-03,-425.05025E-03
+54.72500E-03,-441.13065E-03
+54.75000E-03,-445.15075E-03
+54.77500E-03,-443.14070E-03
+54.80000E-03,-449.17085E-03
+54.82500E-03,-457.21105E-03
+54.85000E-03,-457.21105E-03
+54.87500E-03,-457.21105E-03
+54.90000E-03,-449.17085E-03
+54.92500E-03,-463.24120E-03
+54.95000E-03,-465.25125E-03
+54.97500E-03,-475.30150E-03
+55.00000E-03,-473.29145E-03
+55.02500E-03,-489.37185E-03
+55.05000E-03,-489.37185E-03
+55.07500E-03,-511.48241E-03
+55.10000E-03,-513.49246E-03
+55.12500E-03,-521.53266E-03
+55.15000E-03,-525.55276E-03
+55.17500E-03,-521.53266E-03
+55.20000E-03,-521.53266E-03
+55.22500E-03,-527.56281E-03
+55.25000E-03,-529.57286E-03
+55.27500E-03,-523.54271E-03
+55.30000E-03,-529.57286E-03
+55.32500E-03,-537.61306E-03
+55.35000E-03,-537.61306E-03
+55.37500E-03,-551.68341E-03
+55.40000E-03,-561.73366E-03
+55.42500E-03,-569.77386E-03
+55.45000E-03,-573.79396E-03
+55.47500E-03,-591.88442E-03
+55.50000E-03,-585.85426E-03
+55.52500E-03,-593.89447E-03
+55.55000E-03,-597.91457E-03
+55.57500E-03,-601.93467E-03
+55.60000E-03,-601.93467E-03
+55.62500E-03,-601.93467E-03
+55.65000E-03,-597.91457E-03
+55.67500E-03,-603.94472E-03
+55.70000E-03,-601.93467E-03
+55.72500E-03,-616.00502E-03
+55.75000E-03,-613.99497E-03
+55.77500E-03,-626.05527E-03
+55.80000E-03,-626.05527E-03
+55.82500E-03,-634.09547E-03
+55.85000E-03,-638.11557E-03
+55.87500E-03,-644.14572E-03
+55.90000E-03,-650.17587E-03
+55.92500E-03,-650.17587E-03
+55.95000E-03,-650.17587E-03
+55.97500E-03,-658.21607E-03
+56.00000E-03,-658.21607E-03
+56.02500E-03,-658.21607E-03
+56.05000E-03,-650.17587E-03
+56.07500E-03,-642.13567E-03
+56.10000E-03,-650.17587E-03
+56.12500E-03,-650.17587E-03
+56.15000E-03,-646.15577E-03
+56.17500E-03,-658.21607E-03
+56.20000E-03,-658.21607E-03
+56.22500E-03,-664.24622E-03
+56.25000E-03,-666.25627E-03
+56.27500E-03,-680.32663E-03
+56.30000E-03,-690.37688E-03
+56.32500E-03,-678.31658E-03
+56.35000E-03,-686.35678E-03
+56.37500E-03,-678.31658E-03
+56.40000E-03,-690.37688E-03
+56.42500E-03,-676.30653E-03
+56.45000E-03,-682.33668E-03
+56.47500E-03,-676.30653E-03
+56.50000E-03,-674.29648E-03
+56.52500E-03,-674.29648E-03
+56.55000E-03,-674.29648E-03
+56.57500E-03,-680.32663E-03
+56.60000E-03,-682.33668E-03
+56.62500E-03,-682.33668E-03
+56.65000E-03,-686.35678E-03
+56.67500E-03,-690.37688E-03
+56.70000E-03,-690.37688E-03
+56.72500E-03,-696.40703E-03
+56.75000E-03,-694.39698E-03
+56.77500E-03,-690.37688E-03
+56.80000E-03,-698.41708E-03
+56.82500E-03,-688.36683E-03
+56.85000E-03,-686.35678E-03
+56.87500E-03,-678.31658E-03
+56.90000E-03,-674.29647E-03
+56.92500E-03,-668.26632E-03
+56.95000E-03,-670.27637E-03
+56.97500E-03,-680.32663E-03
+57.00000E-03,-682.33668E-03
+57.02500E-03,-678.31658E-03
+57.05000E-03,-682.33668E-03
+57.07500E-03,-690.37688E-03
+57.10000E-03,-690.37688E-03
+57.12500E-03,-682.33668E-03
+57.15000E-03,-674.29648E-03
+57.17500E-03,-672.28642E-03
+57.20000E-03,-666.25627E-03
+57.22500E-03,-660.22612E-03
+57.25000E-03,-662.23617E-03
+57.27500E-03,-652.18592E-03
+57.30000E-03,-658.21607E-03
+57.32500E-03,-658.21607E-03
+57.35000E-03,-650.17587E-03
+57.37500E-03,-650.17587E-03
+57.40000E-03,-658.21607E-03
+57.42500E-03,-656.20602E-03
+57.45000E-03,-646.15577E-03
+57.47500E-03,-658.21607E-03
+57.50000E-03,-650.17587E-03
+57.52500E-03,-652.18592E-03
+57.55000E-03,-646.15577E-03
+57.57500E-03,-642.13567E-03
+57.60000E-03,-634.09547E-03
+57.62500E-03,-634.09547E-03
+57.65000E-03,-622.03517E-03
+57.67500E-03,-618.01507E-03
+57.70000E-03,-609.97487E-03
+57.72500E-03,-616.00502E-03
+57.75000E-03,-605.95477E-03
+57.77500E-03,-603.94472E-03
+57.80000E-03,-609.97487E-03
+57.82500E-03,-607.96482E-03
+57.85000E-03,-601.93467E-03
+57.87500E-03,-607.96482E-03
+57.90000E-03,-601.93467E-03
+57.92500E-03,-593.89447E-03
+57.95000E-03,-593.89447E-03
+57.97500E-03,-579.82411E-03
+58.00000E-03,-577.81406E-03
+58.02500E-03,-571.78391E-03
+58.05000E-03,-561.73366E-03
+58.07500E-03,-555.70351E-03
+58.10000E-03,-545.65326E-03
+58.12500E-03,-543.64321E-03
+58.15000E-03,-545.65326E-03
+58.17500E-03,-529.57286E-03
+58.20000E-03,-529.57286E-03
+58.22500E-03,-535.60301E-03
+58.25000E-03,-521.53266E-03
+58.27500E-03,-527.56281E-03
+58.30000E-03,-521.53266E-03
+58.32500E-03,-511.48241E-03
+58.35000E-03,-505.45226E-03
+58.37500E-03,-497.41205E-03
+58.40000E-03,-489.37185E-03
+58.42500E-03,-479.32160E-03
+58.45000E-03,-473.29145E-03
+58.47500E-03,-465.25125E-03
+58.50000E-03,-465.25125E-03
+58.52500E-03,-451.18090E-03
+58.55000E-03,-449.17085E-03
+58.57500E-03,-441.13065E-03
+58.60000E-03,-433.09045E-03
+58.62500E-03,-439.12060E-03
+58.65000E-03,-437.11055E-03
+58.67500E-03,-439.12060E-03
+58.70000E-03,-433.09045E-03
+58.72500E-03,-423.04020E-03
+58.75000E-03,-421.03015E-03
+58.77500E-03,-404.94974E-03
+58.80000E-03,-400.92964E-03
+58.82500E-03,-392.88944E-03
+58.85000E-03,-384.84924E-03
+58.87500E-03,-370.77889E-03
+58.90000E-03,-368.76884E-03
+58.92500E-03,-362.73869E-03
+58.95000E-03,-368.76884E-03
+58.97500E-03,-352.68844E-03
+59.00000E-03,-352.68844E-03
+59.02500E-03,-346.65829E-03
+59.05000E-03,-340.62814E-03
+59.07500E-03,-344.64824E-03
+59.10000E-03,-328.56784E-03
+59.12500E-03,-336.60804E-03
+59.15000E-03,-328.56784E-03
+59.17500E-03,-320.52763E-03
+59.20000E-03,-312.48743E-03
+59.22500E-03,-298.41708E-03
+59.25000E-03,-284.34673E-03
+59.27500E-03,-286.35678E-03
+59.30000E-03,-272.28643E-03
+59.32500E-03,-262.23618E-03
+59.35000E-03,-256.20603E-03
+59.37500E-03,-254.19598E-03
+59.40000E-03,-240.12563E-03
+59.42500E-03,-242.13568E-03
+59.45000E-03,-240.12563E-03
+59.47500E-03,-232.08542E-03
+59.50000E-03,-224.04522E-03
+59.52500E-03,-211.98492E-03
+59.55000E-03,-207.96482E-03
+59.57500E-03,-199.92462E-03
+59.60000E-03,-191.88442E-03
+59.62500E-03,-175.80402E-03
+59.65000E-03,-167.76382E-03
+59.67500E-03,-159.72362E-03
+59.70000E-03,-151.68342E-03
+59.72500E-03,-143.64321E-03
+59.75000E-03,-131.58291E-03
+59.77500E-03,-135.60301E-03
+59.80000E-03,-135.60301E-03
+59.82500E-03,-121.53266E-03
+59.85000E-03,-127.56281E-03
+59.87500E-03,-119.52261E-03
+59.90000E-03,-111.48241E-03
+59.92500E-03,-103.44221E-03
+59.95000E-03,-91.38191E-03
+59.97500E-03,-83.34171E-03
+60.00000E-03,-71.28141E-03
+60.02500E-03,-71.28141E-03
+60.05000E-03,-67.26131E-03
+60.07500E-03,-55.20100E-03
+60.10000E-03,-47.16080E-03
+60.12500E-03,-53.19095E-03
+60.15000E-03,-43.14070E-03
+60.17500E-03,-47.16080E-03
+60.20000E-03,-47.16080E-03
+60.22500E-03,-31.08040E-03
+60.25000E-03,-31.08040E-03
+60.27500E-03,-25.05025E-03
+60.30000E-03,-31.08040E-03
+60.32500E-03,-15.00000E-03
+60.35000E-03,-6.95980E-03
+60.37500E-03,+1.08040E-03
+60.40000E-03,+9.12060E-03
+60.42500E-03,+9.12060E-03
+60.45000E-03,+21.18090E-03
+60.47500E-03,+27.21106E-03
+60.50000E-03,+33.24121E-03
+60.52500E-03,+49.32161E-03
+60.55000E-03,+41.28141E-03
+60.57500E-03,+49.32161E-03
+60.60000E-03,+57.36181E-03
+60.62500E-03,+65.40201E-03
+60.65000E-03,+65.40201E-03
+60.67500E-03,+63.39196E-03
+60.70000E-03,+73.44221E-03
+60.72500E-03,+79.47236E-03
+60.75000E-03,+89.52261E-03
+60.77500E-03,+97.56281E-03
+60.80000E-03,+105.60301E-03
+60.82500E-03,+107.61306E-03
+60.85000E-03,+121.68342E-03
+60.87500E-03,+137.76382E-03
+60.90000E-03,+129.72362E-03
+60.92500E-03,+137.76382E-03
+60.95000E-03,+137.76382E-03
+60.97500E-03,+145.80402E-03
+61.00000E-03,+145.80402E-03
+61.02500E-03,+153.84422E-03
+61.05000E-03,+153.84422E-03
+61.07500E-03,+153.84422E-03
+61.10000E-03,+161.88442E-03
+61.12500E-03,+169.92462E-03
+61.15000E-03,+169.92462E-03
+61.17500E-03,+175.95477E-03
+61.20000E-03,+186.00502E-03
+61.22500E-03,+179.97487E-03
+61.25000E-03,+190.02512E-03
+61.27500E-03,+202.08543E-03
+61.30000E-03,+202.08543E-03
+61.32500E-03,+202.08543E-03
+61.35000E-03,+202.08543E-03
+61.37500E-03,+210.12563E-03
+61.40000E-03,+210.12563E-03
+61.42500E-03,+210.12563E-03
+61.45000E-03,+210.12563E-03
+61.47500E-03,+218.16583E-03
+61.50000E-03,+218.16583E-03
+61.52500E-03,+220.17588E-03
+61.55000E-03,+222.18593E-03
+61.57500E-03,+226.20603E-03
+61.60000E-03,+242.28643E-03
+61.62500E-03,+244.29648E-03
+61.65000E-03,+250.32663E-03
+61.67500E-03,+248.31658E-03
+61.70000E-03,+250.32663E-03
+61.72500E-03,+264.39698E-03
+61.75000E-03,+254.34673E-03
+61.77500E-03,+260.37688E-03
+61.80000E-03,+258.36683E-03
+61.82500E-03,+264.39698E-03
+61.85000E-03,+258.36683E-03
+61.87500E-03,+260.37688E-03
+61.90000E-03,+266.40703E-03
+61.92500E-03,+268.41708E-03
+61.95000E-03,+270.42713E-03
+61.97500E-03,+274.44723E-03
+62.00000E-03,+290.52764E-03
+62.02500E-03,+290.52764E-03
+62.05000E-03,+298.56784E-03
+62.07500E-03,+298.56784E-03
+62.10000E-03,+298.56784E-03
+62.12500E-03,+300.57789E-03
+62.15000E-03,+302.58794E-03
+62.17500E-03,+304.59799E-03
+62.20000E-03,+298.56784E-03
+62.22500E-03,+304.59799E-03
+62.25000E-03,+298.56784E-03
+62.27500E-03,+308.61809E-03
+62.30000E-03,+306.60804E-03
+62.32500E-03,+310.62814E-03
+62.35000E-03,+314.64824E-03
+62.37500E-03,+314.64824E-03
+62.40000E-03,+314.64824E-03
+62.42500E-03,+322.68844E-03
+62.45000E-03,+326.70854E-03
+62.47500E-03,+330.72864E-03
+62.50000E-03,+330.72864E-03
+62.52500E-03,+328.71859E-03
+62.55000E-03,+326.70854E-03
+62.57500E-03,+334.74874E-03
+62.60000E-03,+322.68844E-03
+62.62500E-03,+316.65829E-03
+62.65000E-03,+322.68844E-03
+62.67500E-03,+322.68844E-03
+62.70000E-03,+322.68844E-03
+62.72500E-03,+328.71859E-03
+62.75000E-03,+330.72864E-03
+62.77500E-03,+328.71859E-03
+62.80000E-03,+338.76884E-03
+62.82500E-03,+338.76884E-03
+62.85000E-03,+346.80904E-03
+62.87500E-03,+344.79899E-03
+62.90000E-03,+338.76884E-03
+62.92500E-03,+340.77889E-03
+62.95000E-03,+338.76884E-03
+62.97500E-03,+346.80904E-03
+63.00000E-03,+338.76884E-03
+63.02500E-03,+346.80904E-03
+63.05000E-03,+338.76884E-03
+63.07500E-03,+332.73869E-03
+63.10000E-03,+338.76884E-03
+63.12500E-03,+346.80904E-03
+63.15000E-03,+342.78894E-03
+63.17500E-03,+340.77889E-03
+63.20000E-03,+338.76884E-03
+63.22500E-03,+340.77889E-03
+63.25000E-03,+354.84924E-03
+63.27500E-03,+346.80904E-03
+63.30000E-03,+354.84924E-03
+63.32500E-03,+348.81909E-03
+63.35000E-03,+346.80904E-03
+63.37500E-03,+352.83919E-03
+63.40000E-03,+346.80904E-03
+63.42500E-03,+346.80904E-03
+63.45000E-03,+346.80904E-03
+63.47500E-03,+346.80904E-03
+63.50000E-03,+346.80904E-03
+63.52500E-03,+346.80904E-03
+63.55000E-03,+346.80904E-03
+63.57500E-03,+354.84924E-03
+63.60000E-03,+354.84924E-03
+63.62500E-03,+354.84924E-03
+63.65000E-03,+354.84924E-03
+63.67500E-03,+358.86934E-03
+63.70000E-03,+354.84924E-03
+63.72500E-03,+362.88944E-03
+63.75000E-03,+354.84924E-03
+63.77500E-03,+352.83919E-03
+63.80000E-03,+346.80904E-03
+63.82500E-03,+338.76884E-03
+63.85000E-03,+342.78894E-03
+63.87500E-03,+338.76884E-03
+63.90000E-03,+338.76884E-03
+63.92500E-03,+344.79899E-03
+63.95000E-03,+338.76884E-03
+63.97500E-03,+346.80904E-03
+64.00000E-03,+346.80904E-03
+64.02500E-03,+360.87939E-03
+64.05000E-03,+354.84924E-03
+64.07500E-03,+340.77889E-03
+64.10000E-03,+346.80904E-03
+64.12500E-03,+340.77889E-03
+64.15000E-03,+338.76884E-03
+64.17500E-03,+338.76884E-03
+64.20000E-03,+354.84924E-03
+64.22500E-03,+332.73869E-03
+64.25000E-03,+334.74874E-03
+64.27500E-03,+328.71859E-03
+64.30000E-03,+330.72864E-03
+64.32500E-03,+340.77889E-03
+64.35000E-03,+330.72864E-03
+64.37500E-03,+338.76884E-03
+64.40000E-03,+346.80904E-03
+64.42500E-03,+338.76884E-03
+64.45000E-03,+338.76884E-03
+64.47500E-03,+338.76884E-03
+64.50000E-03,+338.76884E-03
+64.52500E-03,+338.76884E-03
+64.55000E-03,+342.78894E-03
+64.57500E-03,+338.76884E-03
+64.60000E-03,+330.72864E-03
+64.62500E-03,+328.71859E-03
+64.65000E-03,+322.68844E-03
+64.67500E-03,+330.72864E-03
+64.70000E-03,+322.68844E-03
+64.72500E-03,+338.76884E-03
+64.75000E-03,+326.70854E-03
+64.77500E-03,+336.75879E-03
+64.80000E-03,+338.76884E-03
+64.82500E-03,+330.72864E-03
+64.85000E-03,+334.74874E-03
+64.87500E-03,+336.75879E-03
+64.90000E-03,+330.72864E-03
+64.92500E-03,+324.69849E-03
+64.95000E-03,+330.72864E-03
+64.97500E-03,+322.68844E-03
+65.00000E-03,+322.68844E-03
+65.02500E-03,+320.67839E-03
+65.05000E-03,+314.64824E-03
+65.07500E-03,+314.64824E-03
+65.10000E-03,+314.64824E-03
+65.12500E-03,+314.64824E-03
+65.15000E-03,+318.66834E-03
+65.17500E-03,+320.67839E-03
+65.20000E-03,+322.68844E-03
+65.22500E-03,+322.68844E-03
+65.25000E-03,+322.68844E-03
+65.27500E-03,+314.64824E-03
+65.30000E-03,+314.64824E-03
+65.32500E-03,+314.64824E-03
+65.35000E-03,+302.58794E-03
+65.37500E-03,+300.57789E-03
+65.40000E-03,+306.60804E-03
+65.42500E-03,+298.56784E-03
+65.45000E-03,+298.56784E-03
+65.47500E-03,+296.55779E-03
+65.50000E-03,+290.52764E-03
+65.52500E-03,+300.57789E-03
+65.55000E-03,+298.56784E-03
+65.57500E-03,+292.53769E-03
+65.60000E-03,+298.56784E-03
+65.62500E-03,+306.60804E-03
+65.65000E-03,+306.60804E-03
+65.67500E-03,+296.55779E-03
+65.70000E-03,+298.56784E-03
+65.72500E-03,+298.56784E-03
+65.75000E-03,+290.52764E-03
+65.77500E-03,+284.49748E-03
+65.80000E-03,+290.52764E-03
+65.82500E-03,+284.49748E-03
+65.85000E-03,+286.50753E-03
+65.87500E-03,+280.47738E-03
+65.90000E-03,+282.48743E-03
+65.92500E-03,+284.49748E-03
+65.95000E-03,+286.50753E-03
+65.97500E-03,+292.53769E-03
+66.00000E-03,+290.52764E-03
+66.02500E-03,+290.52764E-03
+66.05000E-03,+290.52764E-03
+66.07500E-03,+282.48743E-03
+66.10000E-03,+282.48743E-03
+66.12500E-03,+272.43718E-03
+66.15000E-03,+274.44723E-03
+66.17500E-03,+276.45728E-03
+66.20000E-03,+266.40703E-03
+66.22500E-03,+264.39698E-03
+66.25000E-03,+262.38693E-03
+66.27500E-03,+266.40703E-03
+66.30000E-03,+274.44723E-03
+66.32500E-03,+266.40703E-03
+66.35000E-03,+266.40703E-03
+66.37500E-03,+268.41708E-03
+66.40000E-03,+274.44723E-03
+66.42500E-03,+272.43718E-03
+66.45000E-03,+278.46733E-03
+66.47500E-03,+266.40703E-03
+66.50000E-03,+266.40703E-03
+66.52500E-03,+266.40703E-03
+66.55000E-03,+258.36683E-03
+66.57500E-03,+266.40703E-03
+66.60000E-03,+250.32663E-03
+66.62500E-03,+250.32663E-03
+66.65000E-03,+254.34673E-03
+66.67500E-03,+250.32663E-03
+66.70000E-03,+250.32663E-03
+66.72500E-03,+256.35678E-03
+66.75000E-03,+254.34673E-03
+66.77500E-03,+260.37688E-03
+66.80000E-03,+258.36683E-03
+66.82500E-03,+258.36683E-03
+66.85000E-03,+258.36683E-03
+66.87500E-03,+256.35678E-03
+66.90000E-03,+266.40703E-03
+66.92500E-03,+256.35678E-03
+66.95000E-03,+254.34673E-03
+66.97500E-03,+250.32663E-03
+67.00000E-03,+250.32663E-03
+67.02500E-03,+242.28643E-03
+67.05000E-03,+242.28643E-03
+67.07500E-03,+250.32663E-03
+67.10000E-03,+250.32663E-03
+67.12500E-03,+246.30653E-03
+67.15000E-03,+250.32663E-03
+67.17500E-03,+250.32663E-03
+67.20000E-03,+250.32663E-03
+67.22500E-03,+250.32663E-03
+67.25000E-03,+250.32663E-03
+67.27500E-03,+250.32663E-03
+67.30000E-03,+242.28643E-03
+67.32500E-03,+250.32663E-03
+67.35000E-03,+246.30653E-03
+67.37500E-03,+242.28643E-03
+67.40000E-03,+242.28643E-03
+67.42500E-03,+236.25628E-03
+67.45000E-03,+242.28643E-03
+67.47500E-03,+242.28643E-03
+67.50000E-03,+242.28643E-03
+67.52500E-03,+242.28643E-03
+67.55000E-03,+250.32663E-03
+67.57500E-03,+244.29648E-03
+67.60000E-03,+242.28643E-03
+67.62500E-03,+244.29648E-03
+67.65000E-03,+246.30653E-03
+67.67500E-03,+242.28643E-03
+67.70000E-03,+242.28643E-03
+67.72500E-03,+234.24623E-03
+67.75000E-03,+234.24623E-03
+67.77500E-03,+228.21608E-03
+67.80000E-03,+242.28643E-03
+67.82500E-03,+226.20603E-03
+67.85000E-03,+230.22613E-03
+67.87500E-03,+234.24623E-03
+67.90000E-03,+234.24623E-03
+67.92500E-03,+240.27638E-03
+67.95000E-03,+242.28643E-03
+67.97500E-03,+234.24623E-03
+68.00000E-03,+242.28643E-03
+68.02500E-03,+242.28643E-03
+68.05000E-03,+234.24623E-03
+68.07500E-03,+228.21608E-03
+68.10000E-03,+242.28643E-03
+68.12500E-03,+234.24623E-03
+68.15000E-03,+226.20603E-03
+68.17500E-03,+226.20603E-03
+68.20000E-03,+218.16583E-03
+68.22500E-03,+218.16583E-03
+68.25000E-03,+226.20603E-03
+68.27500E-03,+228.21608E-03
+68.30000E-03,+226.20603E-03
+68.32500E-03,+228.21608E-03
+68.35000E-03,+230.22613E-03
+68.37500E-03,+226.20603E-03
+68.40000E-03,+234.24623E-03
+68.42500E-03,+226.20603E-03
+68.45000E-03,+226.20603E-03
+68.47500E-03,+224.19598E-03
+68.50000E-03,+218.16583E-03
+68.52500E-03,+226.20603E-03
+68.55000E-03,+218.16583E-03
+68.57500E-03,+218.16583E-03
+68.60000E-03,+210.12563E-03
+68.62500E-03,+210.12563E-03
+68.65000E-03,+222.18593E-03
+68.67500E-03,+218.16583E-03
+68.70000E-03,+218.16583E-03
+68.72500E-03,+226.20603E-03
+68.75000E-03,+226.20603E-03
+68.77500E-03,+216.15578E-03
+68.80000E-03,+218.16583E-03
+68.82500E-03,+218.16583E-03
+68.85000E-03,+218.16583E-03
+68.87500E-03,+216.15578E-03
+68.90000E-03,+202.08543E-03
+68.92500E-03,+210.12563E-03
+68.95000E-03,+210.12563E-03
+68.97500E-03,+204.09548E-03
+69.00000E-03,+202.08543E-03
+69.02500E-03,+210.12563E-03
+69.05000E-03,+210.12563E-03
+69.07500E-03,+204.09548E-03
+69.10000E-03,+210.12563E-03
+69.12500E-03,+210.12563E-03
+69.15000E-03,+210.12563E-03
+69.17500E-03,+206.10553E-03
+69.20000E-03,+218.16583E-03
+69.22500E-03,+210.12563E-03
+69.25000E-03,+210.12563E-03
+69.27500E-03,+202.08543E-03
+69.30000E-03,+210.12563E-03
+69.32500E-03,+202.08543E-03
+69.35000E-03,+202.08543E-03
+69.37500E-03,+202.08543E-03
+69.40000E-03,+194.04522E-03
+69.42500E-03,+200.07537E-03
+69.45000E-03,+198.06532E-03
+69.47500E-03,+202.08543E-03
+69.50000E-03,+202.08543E-03
+69.52500E-03,+210.12563E-03
+69.55000E-03,+206.10553E-03
+69.57500E-03,+208.11558E-03
+69.60000E-03,+202.08543E-03
+69.62500E-03,+204.09548E-03
+69.65000E-03,+198.06532E-03
+69.67500E-03,+196.05527E-03
+69.70000E-03,+202.08543E-03
+69.72500E-03,+200.07537E-03
+69.75000E-03,+198.06532E-03
+69.77500E-03,+188.01507E-03
+69.80000E-03,+186.00502E-03
+69.82500E-03,+186.00502E-03
+69.85000E-03,+190.02512E-03
+69.87500E-03,+183.99497E-03
+69.90000E-03,+186.00502E-03
+69.92500E-03,+186.00502E-03
+69.95000E-03,+190.02512E-03
+69.97500E-03,+194.04522E-03
+70.00000E-03,+202.08543E-03
+70.02500E-03,+194.04522E-03
+70.05000E-03,+186.00502E-03
+70.07500E-03,+177.96482E-03
+70.10000E-03,+177.96482E-03
+70.12500E-03,+179.97487E-03
+70.15000E-03,+173.94472E-03
+70.17500E-03,+171.93467E-03
+70.20000E-03,+177.96482E-03
+70.22500E-03,+169.92462E-03
+70.25000E-03,+177.96482E-03
+70.27500E-03,+175.95477E-03
+70.30000E-03,+177.96482E-03
+70.32500E-03,+186.00502E-03
+70.35000E-03,+181.98492E-03
+70.37500E-03,+179.97487E-03
+70.40000E-03,+177.96482E-03
+70.42500E-03,+171.93467E-03
+70.45000E-03,+173.94472E-03
+70.47500E-03,+167.91457E-03
+70.50000E-03,+169.92462E-03
+70.52500E-03,+161.88442E-03
+70.55000E-03,+161.88442E-03
+70.57500E-03,+161.88442E-03
+70.60000E-03,+153.84422E-03
+70.62500E-03,+155.85427E-03
+70.65000E-03,+157.86432E-03
+70.67500E-03,+161.88442E-03
+70.70000E-03,+161.88442E-03
+70.72500E-03,+161.88442E-03
+70.75000E-03,+157.86432E-03
+70.77500E-03,+155.85427E-03
+70.80000E-03,+161.88442E-03
+70.82500E-03,+155.85427E-03
+70.85000E-03,+149.82412E-03
+70.87500E-03,+147.81407E-03
+70.90000E-03,+153.84422E-03
+70.92500E-03,+141.78392E-03
+70.95000E-03,+145.80402E-03
+70.97500E-03,+137.76382E-03
+71.00000E-03,+137.76382E-03
+71.02500E-03,+131.73367E-03
+71.05000E-03,+129.72362E-03
+71.07500E-03,+137.76382E-03
+71.10000E-03,+137.76382E-03
+71.12500E-03,+129.72362E-03
+71.15000E-03,+133.74372E-03
+71.17500E-03,+129.72362E-03
+71.20000E-03,+137.76382E-03
+71.22500E-03,+135.75377E-03
+71.25000E-03,+129.72362E-03
+71.27500E-03,+123.69347E-03
+71.30000E-03,+113.64322E-03
+71.32500E-03,+111.63316E-03
+71.35000E-03,+113.64322E-03
+71.37500E-03,+113.64322E-03
+71.40000E-03,+105.60301E-03
+71.42500E-03,+101.58291E-03
+71.45000E-03,+109.62311E-03
+71.47500E-03,+113.64322E-03
+71.50000E-03,+105.60301E-03
+71.52500E-03,+105.60301E-03
+71.55000E-03,+109.62311E-03
+71.57500E-03,+113.64322E-03
+71.60000E-03,+105.60301E-03
+71.62500E-03,+105.60301E-03
+71.65000E-03,+101.58291E-03
+71.67500E-03,+101.58291E-03
+71.70000E-03,+89.52261E-03
+71.72500E-03,+73.44221E-03
+71.75000E-03,+81.48241E-03
+71.77500E-03,+73.44221E-03
+71.80000E-03,+81.48241E-03
+71.82500E-03,+81.48241E-03
+71.85000E-03,+77.46231E-03
+71.87500E-03,+73.44221E-03
+71.90000E-03,+73.44221E-03
+71.92500E-03,+67.41206E-03
+71.95000E-03,+73.44221E-03
+71.97500E-03,+73.44221E-03
+72.00000E-03,+57.36181E-03
+72.02500E-03,+59.37186E-03
+72.05000E-03,+53.34171E-03
+72.07500E-03,+49.32161E-03
+72.10000E-03,+49.32161E-03
+72.12500E-03,+41.28141E-03
+72.15000E-03,+37.26131E-03
+72.17500E-03,+25.20100E-03
+72.20000E-03,+25.20100E-03
+72.22500E-03,+19.17085E-03
+72.25000E-03,+33.24121E-03
+72.27500E-03,+25.20100E-03
+72.30000E-03,+25.20100E-03
+72.32500E-03,+19.17085E-03
+72.35000E-03,+25.20101E-03
+72.37500E-03,+19.17085E-03
+72.40000E-03,+9.12060E-03
+72.42500E-03,+9.12060E-03
+72.45000E-03,+1.08040E-03
+72.47500E-03,-929.65E-06
+72.50000E-03,+1.08040E-03
+72.52500E-03,-15.00000E-03
+72.55000E-03,-15.00000E-03
+72.57500E-03,-17.01005E-03
+72.60000E-03,-23.04020E-03
+72.62500E-03,-23.04020E-03
+72.65000E-03,-23.04020E-03
+72.67500E-03,-15.00000E-03
+72.70000E-03,-23.04020E-03
+72.72500E-03,-19.02010E-03
+72.75000E-03,-23.04020E-03
+72.77500E-03,-23.04020E-03
+72.80000E-03,-23.04020E-03
+72.82500E-03,-39.12060E-03
+72.85000E-03,-47.16080E-03
+72.87500E-03,-47.16080E-03
+72.90000E-03,-47.16080E-03
+72.92500E-03,-63.24121E-03
+72.95000E-03,-67.26131E-03
+72.97500E-03,-71.28141E-03
+73.00000E-03,-71.28141E-03
+73.02500E-03,-73.29146E-03
+73.05000E-03,-75.30151E-03
+73.07500E-03,-73.29146E-03
+73.10000E-03,-79.32161E-03
+73.12500E-03,-77.31156E-03
+73.15000E-03,-83.34171E-03
+73.17500E-03,-89.37186E-03
+73.20000E-03,-87.36181E-03
+73.22500E-03,-101.43216E-03
+73.25000E-03,-103.44221E-03
+73.27500E-03,-119.52261E-03
+73.30000E-03,-119.52261E-03
+73.32500E-03,-133.59296E-03
+73.35000E-03,-135.60301E-03
+73.37500E-03,-143.64321E-03
+73.40000E-03,-151.68342E-03
+73.42500E-03,-145.65326E-03
+73.45000E-03,-151.68342E-03
+73.47500E-03,-149.67337E-03
+73.50000E-03,-143.64321E-03
+73.52500E-03,-159.72362E-03
+73.55000E-03,-159.72362E-03
+73.57500E-03,-167.76382E-03
+73.60000E-03,-167.76382E-03
+73.62500E-03,-183.84422E-03
+73.65000E-03,-191.88442E-03
+73.67500E-03,-191.88442E-03
+73.70000E-03,-207.96482E-03
+73.72500E-03,-216.00502E-03
+73.75000E-03,-220.02512E-03
+73.77500E-03,-224.04522E-03
+73.80000E-03,-224.04522E-03
+73.82500E-03,-224.04522E-03
+73.85000E-03,-232.08542E-03
+73.87500E-03,-226.05527E-03
+73.90000E-03,-232.08542E-03
+73.92500E-03,-230.07537E-03
+73.95000E-03,-240.12563E-03
+73.97500E-03,-242.13568E-03
+74.00000E-03,-248.16583E-03
+74.02500E-03,-252.18593E-03
+74.05000E-03,-264.24623E-03
+74.07500E-03,-272.28643E-03
+74.10000E-03,-272.28643E-03
+74.12500E-03,-288.36683E-03
+74.15000E-03,-288.36683E-03
+74.17500E-03,-294.39698E-03
+74.20000E-03,-296.40703E-03
+74.22500E-03,-304.44723E-03
+74.25000E-03,-300.42713E-03
+74.27500E-03,-302.43718E-03
+74.30000E-03,-304.44723E-03
+74.32500E-03,-312.48743E-03
+74.35000E-03,-316.50753E-03
+74.37500E-03,-314.49748E-03
+74.40000E-03,-328.56784E-03
+74.42500E-03,-330.57789E-03
+74.45000E-03,-336.60804E-03
+74.47500E-03,-344.64824E-03
+74.50000E-03,-344.64824E-03
+74.52500E-03,-360.72864E-03
+74.55000E-03,-368.76884E-03
+74.57500E-03,-376.80904E-03
+74.60000E-03,-384.84924E-03
+74.62500E-03,-376.80904E-03
+74.65000E-03,-384.84924E-03
+74.67500E-03,-384.84924E-03
+74.70000E-03,-392.88944E-03
+74.72500E-03,-392.88944E-03
+74.75000E-03,-400.92964E-03
+74.77500E-03,-400.92964E-03
+74.80000E-03,-408.96984E-03
+74.82500E-03,-425.05025E-03
+74.85000E-03,-433.09045E-03
+74.87500E-03,-439.12060E-03
+74.90000E-03,-449.17085E-03
+74.92500E-03,-449.17085E-03
+74.95000E-03,-465.25125E-03
+74.97500E-03,-465.25125E-03
